{
    "teams": {
        "Alabama": {
            "mascot": "Crimson Tide",
            "abbreviation": "BAMA",
            "ceiling": 7,
            "floor": 5,
            "colorPrimary": "#9E1B32",
            "colorSecondary": "#FFFFFF",
            "city": "Tuscaloosa",
            "state": "Alabama",
            "stadium": "Bryant-Denny Stadium"
        },
        "Georgia": {
            "mascot": "Bulldogs",
            "abbreviation": "UGA",
            "ceiling": 7,
            "floor": 5,
            "colorPrimary": "#BA0C2F",
            "colorSecondary": "#000000",
            "city": "Athens",
            "state": "Georgia",
            "stadium": "Sanford Stadium"
        },
        "LSU": {
            "mascot": "Tigers",
            "abbreviation": "LSU",
            "ceiling": 7,
            "floor": 4,
            "colorPrimary": "#461D7C",
            "colorSecondary": "#FDD023",
            "city": "Baton Rouge",
            "state": "Louisiana",
            "stadium": "Death Valley"
        },
        "Texas A&M": {
            "mascot": "Aggies",
            "abbreviation": "TAMU",
            "ceiling": 6,
            "floor": 4,
            "colorPrimary": "#500000",
            "colorSecondary": "#FFFFFF",
            "city": "College Station",
            "state": "Texas",
            "stadium": "Kyle Field"
        },
        "Florida": {
            "mascot": "Gators",
            "abbreviation": "UF",
            "ceiling": 7,
            "floor": 4,
            "colorPrimary": "#0021A5",
            "colorSecondary": "#FA4616",
            "city": "Gainesville",
            "state": "Florida",
            "stadium": "Ben Hill Griffin Stadium"
        },
        "Kentucky": {
            "mascot": "Wildcats",
            "abbreviation": "UK",
            "ceiling": 5,
            "floor": 3,
            "colorPrimary": "#0033A0",
            "colorSecondary": "#FFFFFF",
            "city": "Lexington",
            "state": "Kentucky",
            "stadium": "Commonwealth Stadium"
        },
        "Tennessee": {
            "mascot": "Volunteers",
            "abbreviation": "TEN",
            "ceiling": 6,
            "floor": 3,
            "colorPrimary": "#FF8200",
            "colorSecondary": "#FFFFFF",
            "city": "Knoxville",
            "state": "Tennessee",
            "stadium": "Neyland Stadium"
        },
        "Auburn": {
            "mascot": "Tigers",
            "abbreviation": "AUB",
            "ceiling": 6,
            "floor": 3,
            "colorPrimary": "#0C2340",
            "colorSecondary": "#E87722",
            "city": "Auburn",
            "state": "Alabama",
            "stadium": "Jordan-Hare Stadium"
        },
        "Arkansas": {
            "mascot": "Razorbacks",
            "abbreviation": "ARK",
            "ceiling": 6,
            "floor": 3,
            "colorPrimary": "#9D2235",
            "colorSecondary": "#FFFFFF",
            "city": "Fayetteville",
            "state": "Arkansas",
            "stadium": "Razorback Stadium"
        },
        "Mississippi State": {
            "mascot": "Bulldogs",
            "abbreviation": "MSST",
            "ceiling": 6,
            "floor": 3,
            "colorPrimary": "#660000",
            "colorSecondary": "#CCCCCC",
            "city": "Starkville",
            "state": "Mississippi",
            "stadium": "Davis Wade Stadium"
        },
        "Texas": {
            "mascot": "Longhorns",
            "abbreviation": "TEX",
            "ceiling": 7,
            "floor": 5,
            "colorPrimary": "#BF5700",
            "colorSecondary": "#FFFFFF",
            "city": "Austin",
            "state": "Texas",
            "stadium": "Darrell K. Royal - Texas Memorial Stadium"
        },
        "Oklahoma": {
            "mascot": "Sooners",
            "abbreviation": "OU",
            "ceiling": 7,
            "floor": 4,
            "colorPrimary": "#841617",
            "colorSecondary": "#FDF9D8",
            "city": "Norman",
            "state": "Oklahoma",
            "stadium": "Gaylord Family - Oklahoma Memorial Stadium"
        },
        "Vanderbilt": {
            "mascot": "Commodores",
            "abbreviation": "VAN",
            "ceiling": 5,
            "floor": 2,
            "colorPrimary": "#866D4B",
            "colorSecondary": "#000000",
            "city": "Nashville",
            "state": "Tennessee",
            "stadium": "Vanderbilt Stadium"
        },
        "South Carolina": {
            "mascot": "Gamecocks",
            "abbreviation": "SCAR",
            "ceiling": 6,
            "floor": 3,
            "colorPrimary": "#73000A",
            "colorSecondary": "#000000",
            "city": "Columbia",
            "state": "South Carolina",
            "stadium": "Williams-Brice Stadium"
        },
        "Ole Miss": {
            "mascot": "Rebels",
            "abbreviation": "MISS",
            "ceiling": 6,
            "floor": 3,
            "colorPrimary": "#CE1126",
            "colorSecondary": "#006BA6",
            "city": "Oxford",
            "state": "Mississippi",
            "stadium": "Vaught-Hemingway Stadium"
        },
        "Missouri": {
            "mascot": "Tigers",
            "abbreviation": "MIZZ",
            "ceiling": 6,
            "floor": 3,
            "colorPrimary": "#000000",
            "colorSecondary": "#F1B82D",
            "city": "Columbia",
            "state": "Missouri",
            "stadium": "Faurot Field at Memorial Stadium"
        },
        "Purdue": {
            "mascot": "Boilermakers",
            "abbreviation": "PUR",
            "ceiling": 5,
            "floor": 2,
            "colorPrimary": "#CEB888",
            "colorSecondary": "#000000",
            "city": "West Lafayette",
            "state": "Indiana",
            "stadium": "Ross–Ade Stadium"
        },
        "Iowa": {
            "mascot": "Hawkeyes",
            "abbreviation": "IOWA",
            "ceiling": 6,
            "floor": 3,
            "colorPrimary": "#FFCD00",
            "colorSecondary": "#000000",
            "city": "Iowa City",
            "state": "Iowa",
            "stadium": "Kinnick Stadium"
        },
        "Illinois": {
            "mascot": "Fighting Illini",
            "abbreviation": "ILL",
            "ceiling": 5,
            "floor": 2,
            "colorPrimary": "#13294B",
            "colorSecondary": "#E84A27",
            "city": "Champaign",
            "state": "Illinois",
            "stadium": "Memorial Stadium"
        },
        "Michigan": {
            "mascot": "Wolverines",
            "abbreviation": "MICH",
            "ceiling": 7,
            "floor": 4,
            "colorPrimary": "#00274C",
            "colorSecondary": "#FFCB05",
            "city": "Ann Arbor",
            "state": "Michigan",
            "stadium": "Michigan Stadium"
        },
        "Ohio State": {
            "mascot": "Buckeyes",
            "abbreviation": "OSU",
            "ceiling": 7,
            "floor": 5,
            "colorPrimary": "#BB0000",
            "colorSecondary": "#666666",
            "city": "Columbus",
            "state": "Ohio",
            "stadium": "Ohio Stadium"
        },
        "UCLA": {
            "mascot": "Bruins",
            "abbreviation": "UCLA",
            "ceiling": 5,
            "floor": 3,
            "colorPrimary": "#2D68C4",
            "colorSecondary": "#F2A900",
            "city": "Los Angeles",
            "state": "California",
            "stadium": "Los Angeles Memorial Coliseum"
        },
        "USC": {
            "mascot": "Trojans",
            "abbreviation": "USC",
            "ceiling": 7,
            "floor": 4,
            "colorPrimary": "#990000",
            "colorSecondary": "#FFC72C",
            "city": "Los Angeles",
            "state": "California",
            "stadium": "Los Angeles Memorial Coliseum"
        },
        "Michigan State": {
            "mascot": "Spartans",
            "abbreviation": "MSU",
            "ceiling": 6,
            "floor": 3,
            "colorPrimary": "#18453B",
            "colorSecondary": "#FFFFFF",
            "city": "East Lansing",
            "state": "Michigan",
            "stadium": "Spartan Stadium"
        },
        "Wisconsin": {
            "mascot": "Badgers",
            "abbreviation": "WISC",
            "ceiling": 6,
            "floor": 3,
            "colorPrimary": "#C5050C",
            "colorSecondary": "#FFFFFF",
            "city": "Madison",
            "state": "Wisconsin",
            "stadium": "Camp Randall Stadium"
        },
        "Washington": {
            "mascot": "Huskies",
            "abbreviation": "WASH",
            "ceiling": 6,
            "floor": 3,
            "colorPrimary": "#4B2E83",
            "colorSecondary": "#B7A57A",
            "city": "Seattle",
            "state": "Washington",
            "stadium": "Husky Stadium"
        },
        "Oregon": {
            "mascot": "Ducks",
            "abbreviation": "ORE",
            "ceiling": 7,
            "floor": 4,
            "colorPrimary": "#154733",
            "colorSecondary": "#FEE123",
            "city": "Eugene",
            "state": "Oregon",
            "stadium": "Autzen Stadium"
        },
        "Indiana": {
            "mascot": "Hoosiers",
            "abbreviation": "IU",
            "ceiling": 6,
            "floor": 2,
            "colorPrimary": "#990000",
            "colorSecondary": "#EEEDEB",
            "city": "Bloomington",
            "state": "Indiana",
            "stadium": "Memorial Stadium"
        },
        "Maryland": {
            "mascot": "Terrapins",
            "abbreviation": "UMD",
            "ceiling": 5,
            "floor": 3,
            "colorPrimary": "#E03A3E",
            "colorSecondary": "#FFD520",
            "city": "College Park",
            "state": "Maryland",
            "stadium": "Capital One Field at Maryland Stadium"
        },
        "Northwestern": {
            "mascot": "Wildcats",
            "abbreviation": "NU",
            "ceiling": 5,
            "floor": 2,
            "colorPrimary": "#4E2A84",
            "colorSecondary": "#FFFFFF",
            "city": "Evanston",
            "state": "Illinois",
            "stadium": "Ryan Field"
        },
        "Rutgers": {
            "mascot": "Scarlet Knights",
            "abbreviation": "RUT",
            "ceiling": 5,
            "floor": 2,
            "colorPrimary": "#CC0033",
            "colorSecondary": "#5F6A72",
            "city": "Piscataway",
            "state": "New Jersey",
            "stadium": "SHI Stadium"
        },
        "Penn State": {
            "mascot": "Nittany Lions",
            "abbreviation": "PSU",
            "ceiling": 7,
            "floor": 4,
            "colorPrimary": "#041E42",
            "colorSecondary": "#FFFFFF",
            "city": "State College",
            "state": "Pennsylvania",
            "stadium": "Beaver Stadium"
        },
        "Minnesota": {
            "mascot": "Golden Gophers",
            "abbreviation": "MINN",
            "ceiling": 5,
            "floor": 2,
            "colorPrimary": "#7A0019",
            "colorSecondary": "#FFCC33",
            "city": "Minneapolis",
            "state": "Minnesota",
            "stadium": "TCF Bank Stadium"
        },
        "Nebraska": {
            "mascot": "Cornhuskers",
            "abbreviation": "NEB",
            "ceiling": 6,
            "floor": 2,
            "colorPrimary": "#E41C38",
            "colorSecondary": "#FDF2D9",
            "city": "Lincoln",
            "state": "Nebraska",
            "stadium": "Memorial Stadium"
        },
        "Clemson": {
            "mascot": "Tigers",
            "abbreviation": "CLEM",
            "ceiling": 7,
            "floor": 4,
            "colorPrimary": "#F56600",
            "colorSecondary": "#522D80",
            "city": "Clemson",
            "state": "South Carolina",
            "stadium": "Memorial Stadium"
        },
        "Florida State": {
            "mascot": "Seminoles",
            "abbreviation": "FSU",
            "ceiling": 7,
            "floor": 4,
            "colorPrimary": "#782F40",
            "colorSecondary": "#CEB888",
            "city": "Tallahassee",
            "state": "Florida",
            "stadium": "Doak Campbell Stadium"
        },
        "Stanford": {
            "mascot": "Cardinal",
            "abbreviation": "STAN",
            "ceiling": 6,
            "floor": 2,
            "colorPrimary": "#8C1515",
            "colorSecondary": "#FFFFFF",
            "city": "Stanford",
            "state": "California",
            "stadium": "Stanford Stadium"
        },
        "Miami": {
            "mascot": "Hurricanes",
            "abbreviation": "MIA",
            "ceiling": 7,
            "floor": 4,
            "colorPrimary": "#F47321",
            "colorSecondary": "#005030",
            "city": "Miami",
            "state": "Florida",
            "stadium": "Hard Rock Stadium"
        },
        "Virginia Tech": {
            "mascot": "Hokies",
            "abbreviation": "VT",
            "ceiling": 6,
            "floor": 3,
            "colorPrimary": "#630031",
            "colorSecondary": "#CF4420",
            "city": "Blacksburg",
            "state": "Virginia",
            "stadium": "Lane Stadium"
        },
        "Georgia Tech": {
            "mascot": "Yellow Jackets",
            "abbreviation": "GT",
            "ceiling": 6,
            "floor": 3,
            "colorPrimary": "#B3A369",
            "colorSecondary": "#003057",
            "city": "Atlanta",
            "state": "Georgia",
            "stadium": "Bobby Dodd Stadium"
        },
        "North Carolina": {
            "mascot": "Tar Heels",
            "abbreviation": "UNC",
            "ceiling": 5,
            "floor": 3,
            "colorPrimary": "#7BAFD4",
            "colorSecondary": "#FFFFFF",
            "city": "Chapel Hill",
            "state": "North Carolina",
            "stadium": "Kenan Stadium"
        },
        "Southern Methodist": {
            "mascot": "Mustangs",
            "abbreviation": "SMU",
            "ceiling": 6,
            "floor": 2,
            "colorPrimary": "#0033A0",
            "colorSecondary": "#C8102E",
            "city": "Dallas",
            "state": "Texas",
            "stadium": "Gerald J. Ford Stadium"
        },
        "California": {
            "mascot": "Golden Bears",
            "abbreviation": "CAL",
            "ceiling": 5,
            "floor": 2,
            "colorPrimary": "#003262",
            "colorSecondary": "#FDB515",
            "city": "Berkeley",
            "state": "California",
            "stadium": "California Memorial Stadium"
        },
        "Pittsburgh": {
            "mascot": "Panthers",
            "abbreviation": "PITT",
            "ceiling": 5,
            "floor": 3,
            "colorPrimary": "#003594",
            "colorSecondary": "#FFB81C",
            "city": "Pittsburgh",
            "state": "Pennsylvania",
            "stadium": "Heinz Field"
        },
        "Virginia": {
            "mascot": "Cavaliers",
            "abbreviation": "UVA",
            "ceiling": 5,
            "floor": 2,
            "colorPrimary": "#232D4B",
            "colorSecondary": "#F84C1E",
            "city": "Charlottesville",
            "state": "Virginia",
            "stadium": "Scott Stadium"
        },
        "NC State": {
            "mascot": "Wolfpack",
            "abbreviation": "NCST",
            "ceiling": 6,
            "floor": 3,
            "colorPrimary": "#CC0000",
            "colorSecondary": "#000000",
            "city": "Raleigh",
            "state": "North Carolina",
            "stadium": "Carter-Finley Stadium"
        },
        "Wake Forest": {
            "mascot": "Demon Deacons",
            "abbreviation": "WAKE",
            "ceiling": 5,
            "floor": 2,
            "colorPrimary": "#9E7E38",
            "colorSecondary": "#000000",
            "city": "Winston-Salem",
            "state": "North Carolina",
            "stadium": "Credit Union Stadium"
        },
        "Syracuse": {
            "mascot": "Orange",
            "abbreviation": "CUSE",
            "ceiling": 5,
            "floor": 2,
            "colorPrimary": "#F76900",
            "colorSecondary": "#000E54",
            "city": "Syracuse",
            "state": "New York",
            "stadium": "JMA Wireless Dome"
        },
        "Louisville": {
            "mascot": "Cardinals",
            "abbreviation": "LOU",
            "ceiling": 6,
            "floor": 3,
            "colorPrimary": "#AD0000",
            "colorSecondary": "#000000",
            "city": "Louisville",
            "state": "Kentucky",
            "stadium": "Cardinal Stadium"
        },
        "Duke": {
            "mascot": "Blue Devils",
            "abbreviation": "DUKE",
            "ceiling": 5,
            "floor": 2,
            "colorPrimary": "#003087",
            "colorSecondary": "#FFFFFF",
            "city": "Durham",
            "state": "North Carolina",
            "stadium": "Duke Stadium"
        },
        "Boston College": {
            "mascot": "Eagles",
            "abbreviation": "BC",
            "ceiling": 5,
            "floor": 2,
            "colorPrimary": "#98002E",
            "colorSecondary": "#BC9B6A",
            "city": "Chestnut Hill",
            "state": "Massachusetts",
            "stadium": "Alumni Stadium"
        },
        "Kansas": {
            "mascot": "Jayhawks",
            "abbreviation": "KU",
            "ceiling": 5,
            "floor": 2,
            "colorPrimary": "#0051BA",
            "colorSecondary": "#E8000D",
            "city": "Lawrence",
            "state": "Kansas",
            "stadium": "David Booth Kansas Memorial Stadium"
        },
        "BYU": {
            "mascot": "Cougars",
            "abbreviation": "BYU",
            "ceiling": 5,
            "floor": 3,
            "colorPrimary": "#002E5D",
            "colorSecondary": "#FFFFFF",
            "city": "Provo",
            "state": "Utah",
            "stadium": "LaVell Edwards Stadium"
        },
        "Houston": {
            "mascot": "Cougars",
            "abbreviation": "HOU",
            "ceiling": 5,
            "floor": 2,
            "colorPrimary": "#C8102E",
            "colorSecondary": "#B2B4B2",
            "city": "Houston",
            "state": "Texas",
            "stadium": "TDECU Stadium"
        },
        "Colorado": {
            "mascot": "Buffaloes",
            "abbreviation": "CU",
            "ceiling": 5,
            "floor": 2,
            "colorPrimary": "#CFB87C",
            "colorSecondary": "#000000",
            "city": "Boulder",
            "state": "Colorado",
            "stadium": "Folsom Field"
        },
        "Arizona State": {
            "mascot": "Sun Devils",
            "abbreviation": "ASU",
            "ceiling": 5,
            "floor": 2,
            "colorPrimary": "#8C1D40",
            "colorSecondary": "#FFC627",
            "city": "Tempe",
            "state": "Arizona",
            "stadium": "Sun Devil Stadium"
        },
        "Utah": {
            "mascot": "Utes",
            "abbreviation": "UTAH",
            "ceiling": 6,
            "floor": 3,
            "colorPrimary": "#CC0000",
            "colorSecondary": "#000000",
            "city": "Salt Lake City",
            "state": "Utah",
            "stadium": "Rice-Eccles Stadium"
        },
        "Baylor": {
            "mascot": "Bears",
            "abbreviation": "BAY",
            "ceiling": 6,
            "floor": 2,
            "colorPrimary": "#154734",
            "colorSecondary": "#FFB81C",
            "city": "Waco",
            "state": "Texas",
            "stadium": "McLane Stadium"
        },
        "Texas Tech": {
            "mascot": "Red Raiders",
            "abbreviation": "TTU",
            "ceiling": 5,
            "floor": 2,
            "colorPrimary": "#CC0000",
            "colorSecondary": "#000000",
            "city": "Lubbock",
            "state": "Texas",
            "stadium": "Jones AT&T Stadium"
        },
        "Cincinnati": {
            "mascot": "Bearcats",
            "abbreviation": "CINC",
            "ceiling": 5,
            "floor": 2,
            "colorPrimary": "#E00122",
            "colorSecondary": "#000000",
            "city": "Cincinnati",
            "state": "Ohio",
            "stadium": "Nippert Stadium"
        },
        "Central Florida": {
            "mascot": "Knights",
            "abbreviation": "UCF",
            "ceiling": 5,
            "floor": 2,
            "colorPrimary": "#BA9B37",
            "colorSecondary": "#000000",
            "city": "Orlando",
            "state": "Florida",
            "stadium": "Acrisure Bounce House Stadium"
        },
        "Texas Christian": {
            "mascot": "Horned Frogs",
            "abbreviation": "TCU",
            "ceiling": 6,
            "floor": 3,
            "colorPrimary": "#4D1979",
            "colorSecondary": "#A3A9AC",
            "city": "Fort Worth",
            "state": "Texas",
            "stadium": "Amon G. Carter Stadium"
        },
        "Oklahoma State": {
            "mascot": "Cowboys",
            "abbreviation": "OKST",
            "ceiling": 6,
            "floor": 3,
            "colorPrimary": "#FF7300",
            "colorSecondary": "#000000",
            "city": "Stillwater",
            "state": "Oklahoma",
            "stadium": "Boone Pickens Stadium"
        },
        "Arizona": {
            "mascot": "Wildcats",
            "abbreviation": "ZONA",
            "ceiling": 5,
            "floor": 2,
            "colorPrimary": "#CC0033",
            "colorSecondary": "#003366",
            "city": "Tucson",
            "state": "Arizona",
            "stadium": "Arizona Stadium"
        },
        "Iowa State": {
            "mascot": "Cyclones",
            "abbreviation": "ISU",
            "ceiling": 5,
            "floor": 2,
            "colorPrimary": "#C8102E",
            "colorSecondary": "#F1BE48",
            "city": "Ames",
            "state": "Iowa",
            "stadium": "Jack Trice Stadium"
        },
        "Kansas State": {
            "mascot": "Wildcats",
            "abbreviation": "KSU",
            "ceiling": 6,
            "floor": 3,
            "colorPrimary": "#512888",
            "colorSecondary": "#D1D1D1",
            "city": "Manhattan",
            "state": "Kansas",
            "stadium": "Bill Snyder Family Stadium"
        },
        "West Virginia": {
            "mascot": "Mountaineers",
            "abbreviation": "WVU",
            "ceiling": 6,
            "floor": 3,
            "colorPrimary": "#002855",
            "colorSecondary": "#EAAA00",
            "city": "Morgantown",
            "state": "West Virginia",
            "stadium": "Mountaineer Field at Milan Puskar Stadium"
        },
        "Florida Atlantic": {
            "mascot": "Owls",
            "abbreviation": "FAU",
            "ceiling": 4,
            "floor": 1,
            "colorPrimary": "#003366",
            "colorSecondary": "#CC0000",
            "city": "Boca Raton",
            "state": "Florida",
            "stadium": "FAU Stadium"
        },
        "Charlotte": {
            "mascot": "49ers",
            "abbreviation": "CHA",
            "ceiling": 3,
            "floor": 1,
            "colorPrimary": "#046A38",
            "colorSecondary": "#B9975B",
            "city": "Charlotte",
            "state": "North Carolina",
            "stadium": "Memorial Stadium"
        },
        "Texas San Antonio": {
            "mascot": "Roadrunners",
            "abbreviation": "UTSA",
            "ceiling": 4,
            "floor": 1,
            "colorPrimary": "#F15A22",
            "colorSecondary": "#0C2340",
            "city": "San Antonio",
            "state": "Texas",
            "stadium": "Alamodome"
        },
        "East Carolina": {
            "mascot": "Pirates",
            "abbreviation": "ECU",
            "ceiling": 4,
            "floor": 1,
            "colorPrimary": "#592A8A",
            "colorSecondary": "#FDC82F",
            "city": "Greenville",
            "state": "North Carolina",
            "stadium": "Ficklen Stadium"
        },
        "Rice": {
            "mascot": "Owls",
            "abbreviation": "RICE",
            "ceiling": 3,
            "floor": 1,
            "colorPrimary": "#00205B",
            "colorSecondary": "#C1C6C8",
            "city": "Houston",
            "state": "Texas",
            "stadium": "TDECU Stadium"
        },
        "Memphis": {
            "mascot": "Tigers",
            "abbreviation": "MEM",
            "ceiling": 5,
            "floor": 2,
            "colorPrimary": "#003087",
            "colorSecondary": "#898D8D",
            "city": "Memphis",
            "state": "Tennessee",
            "stadium": "Liberty Bowl Memorial Stadium"
        },
        "Navy": {
            "mascot": "Midshipmen",
            "abbreviation": "NAVY",
            "ceiling": 5,
            "floor": 2,
            "colorPrimary": "#00205B",
            "colorSecondary": "#C5B783",
            "city": "Annapolis",
            "state": "Maryland",
            "stadium": "Naval Academy Stadium"
        },
        "Army": {
            "mascot": "Black Knights",
            "abbreviation": "ARMY",
            "ceiling": 5,
            "floor": 2,
            "colorPrimary": "#D4BF91",
            "colorSecondary": "#000000",
            "city": "West Point",
            "state": "New York",
            "stadium": "Army Stadium"
        },
        "North Texas": {
            "mascot": "Mean Green",
            "abbreviation": "UNT",
            "ceiling": 4,
            "floor": 1,
            "colorPrimary": "#00853E",
            "colorSecondary": "#000000",
            "city": "Denton",
            "state": "Texas",
            "stadium": "Apogee Stadium"
        },
        "South Florida": {
            "mascot": "Bulls",
            "abbreviation": "USF",
            "ceiling": 4,
            "floor": 1,
            "colorPrimary": "#006747",
            "colorSecondary": "#CFC493",
            "city": "Tampa",
            "state": "Florida",
            "stadium": "Raymond James Stadium"
        },
        "Temple": {
            "mascot": "Owls",
            "abbreviation": "TEMP",
            "ceiling": 4,
            "floor": 1,
            "colorPrimary": "#9D2235",
            "colorSecondary": "#C1C6C8",
            "city": "Philadelphia",
            "state": "Pennsylvania",
            "stadium": "Lincoln Financial Field"
        },
        "Alabama Birmingham": {
            "mascot": "Blazers",
            "abbreviation": "UAB",
            "ceiling": 4,
            "floor": 1,
            "colorPrimary": "#006341",
            "colorSecondary": "#CC8A00",
            "city": "Birmingham",
            "state": "Alabama",
            "stadium": "Legion Field"
        },
        "Tulane": {
            "mascot": "Green Wave",
            "abbreviation": "TULN",
            "ceiling": 5,
            "floor": 2,
            "colorPrimary": "#006747",
            "colorSecondary": "#418FDE",
            "city": "New Orleans",
            "state": "Louisiana",
            "stadium": "Yulman Stadium"
        },
        "Tulsa": {
            "mascot": "Golden Hurricane",
            "abbreviation": "TLSA",
            "ceiling": 4,
            "floor": 1,
            "colorPrimary": "#002D72",
            "colorSecondary": "#C8102E",
            "city": "Tulsa",
            "state": "Oklahoma",
            "stadium": "H.A. Chapman Stadium"
        },
        "Washington State": {
            "mascot": "Cougars",
            "abbreviation": "WSU",
            "ceiling": 5,
            "floor": 2,
            "colorPrimary": "#981E32",
            "colorSecondary": "#5E6A71",
            "city": "Pullman",
            "state": "Washington",
            "stadium": "Martin Stadium"
        },
        "Oregon State": {
            "mascot": "Beavers",
            "abbreviation": "ORST",
            "ceiling": 5,
            "floor": 2,
            "colorPrimary": "#DC4405",
            "colorSecondary": "#000000",
            "city": "Corvallis",
            "state": "Oregon",
            "stadium": "Reser Stadium"
        },
        "Boise State": {
            "mascot": "Broncos",
            "abbreviation": "BOI",
            "ceiling": 5,
            "floor": 3,
            "colorPrimary": "#0033A0",
            "colorSecondary": "#D64309",
            "city": "Boise",
            "state": "Idaho",
            "stadium": "Albertsons Stadium"
        },
        "Fresno State": {
            "mascot": "Bulldogs",
            "abbreviation": "FRES",
            "ceiling": 4,
            "floor": 2,
            "colorPrimary": "#DB0032",
            "colorSecondary": "#002E6D",
            "city": "Fresno",
            "state": "California",
            "stadium": "Chadwick Stadium"
        },
        "Nevada": {
            "mascot": "Wolfpack",
            "abbreviation": "NEV",
            "ceiling": 4,
            "floor": 1,
            "colorPrimary": "#003366",
            "colorSecondary": "#807F84",
            "city": "Reno",
            "state": "Nevada",
            "stadium": "Condoleezza Rice Stadium"
        },
        "San Diego State": {
            "mascot": "Aztecs",
            "abbreviation": "SDSU",
            "ceiling": 4,
            "floor": 2,
            "colorPrimary": "#A6192E",
            "colorSecondary": "#000000",
            "city": "San Diego",
            "state": "California",
            "stadium": "SDCCU Stadium"
        },
        "UNLV": {
            "mascot": "Rebels",
            "abbreviation": "UNLV",
            "ceiling": 4,
            "floor": 1,
            "colorPrimary": "#CF0A2C",
            "colorSecondary": "#CAC8C8",
            "city": "Las Vegas",
            "state": "Nevada",
            "stadium": "Allegiant Stadium"
        },
        "Wyoming": {
            "mascot": "Cowboys",
            "abbreviation": "WYO",
            "ceiling": 4,
            "floor": 1,
            "colorPrimary": "#492F24",
            "colorSecondary": "#FFC425",
            "city": "Laramie",
            "state": "Wyoming",
            "stadium": "War Memorial Stadium"
        },
        "Air Force": {
            "mascot": "Falcons",
            "abbreviation": "AFA",
            "ceiling": 4,
            "floor": 1,
            "colorPrimary": "#003087",
            "colorSecondary": "#8A8D8F",
            "city": "Colorado Springs",
            "state": "Colorado",
            "stadium": "Falcon Stadium"
        },
        "Colorado State": {
            "mascot": "Rams",
            "abbreviation": "CSU",
            "ceiling": 4,
            "floor": 1,
            "colorPrimary": "#1E4D2B",
            "colorSecondary": "#C8C372",
            "city": "Fort Collins",
            "state": "Colorado",
            "stadium": "Canvas Stadium"
        },
        "Hawaii": {
            "mascot": "Rainbow Warriors",
            "abbreviation": "HAW",
            "ceiling": 4,
            "floor": 1,
            "colorPrimary": "#024731",
            "colorSecondary": "#C8C8C8",
            "city": "Honolulu",
            "state": "Hawaii",
            "stadium": "Rainbow Warrior Stadium"
        },
        "New Mexico": {
            "mascot": "Lobos",
            "abbreviation": "UNM",
            "ceiling": 3,
            "floor": 1,
            "colorPrimary": "#BA0C2F",
            "colorSecondary": "#63666A",
            "city": "Albuquerque",
            "state": "New Mexico",
            "stadium": "University Stadium"
        },
        "San Jose State": {
            "mascot": "Spartans",
            "abbreviation": "SJSU",
            "ceiling": 3,
            "floor": 1,
            "colorPrimary": "#0055A2",
            "colorSecondary": "#E5A823",
            "city": "San Jose",
            "state": "California",
            "stadium": "Spartan Stadium"
        },
        "Utah State": {
            "mascot": "Aggies",
            "abbreviation": "USU",
            "ceiling": 3,
            "floor": 1,
            "colorPrimary": "#00263A",
            "colorSecondary": "#8A8D8F",
            "city": "Logan",
            "state": "Utah",
            "stadium": "Aggie Memorial Stadium"
        },
        "Appalachian State": {
            "mascot": "Mountaineers",
            "abbreviation": "APP",
            "ceiling": 4,
            "floor": 2,
            "colorPrimary": "#222222",
            "colorSecondary": "#FFCC00",
            "city": "Boone",
            "state": "North Carolina",
            "stadium": " Kidd Brewer Stadium"
        },
        "Coastal Carolina": {
            "mascot": "Chanticleers",
            "abbreviation": "CCU",
            "ceiling": 4,
            "floor": 1,
            "colorPrimary": "#006F71",
            "colorSecondary": "#A27752",
            "city": "Conway",
            "state": "South Carolina",
            "stadium": "CCU Stadium"
        },
        "Georgia Southern": {
            "mascot": "Eagles",
            "abbreviation": "GASO",
            "ceiling": 4,
            "floor": 1,
            "colorPrimary": "#011E41",
            "colorSecondary": "#A3AAAE",
            "city": "Statesboro",
            "state": "Georgia",
            "stadium": "Georgia Southern Stadium"
        },
        "Georgia State": {
            "mascot": "Panthers",
            "abbreviation": "GST",
            "ceiling": 4,
            "floor": 1,
            "colorPrimary": "#0039A6",
            "colorSecondary": "#C60C30",
            "city": "Atlanta",
            "state": "Georgia",
            "stadium": "Georgia State Stadium"
        },
        "James Madison": {
            "mascot": "Dukes",
            "abbreviation": "JMU",
            "ceiling": 4,
            "floor": 2,
            "colorPrimary": "#450084",
            "colorSecondary": "#CBB677",
            "city": "Harrisonburg",
            "state": "Virginia",
            "stadium": "JMU Stadium"
        },
        "Marshall": {
            "mascot": "Thundering Herd",
            "abbreviation": "MAR",
            "ceiling": 4,
            "floor": 1,
            "colorPrimary": "#00B140",
            "colorSecondary": "#A2AAAD",
            "city": "Huntington",
            "state": "West Virginia",
            "stadium": "Marshall Stadium"
        },
        "Old Dominion": {
            "mascot": "Monarchs",
            "abbreviation": "ODU",
            "ceiling": 3,
            "floor": 1,
            "colorPrimary": "#003087",
            "colorSecondary": "#7C878E",
            "city": "Norfolk",
            "state": "Virginia",
            "stadium": "ODU Stadium"
        },
        "Arkansas State": {
            "mascot": "Red Wolves",
            "abbreviation": "ARST",
            "ceiling": 3,
            "floor": 1,
            "colorPrimary": "#CC092F",
            "colorSecondary": "#000000",
            "city": "Jonesboro",
            "state": "Arkansas",
            "stadium": "ASU Stadium"
        },
        "Louisiana": {
            "mascot": "Ragin' Cajuns",
            "abbreviation": "ULL",
            "ceiling": 4,
            "floor": 1,
            "colorPrimary": "#CE181E",
            "colorSecondary": "#0A0203",
            "city": "Lafayette",
            "state": "Louisiana",
            "stadium": "ULL Stadium"
        },
        "Louisiana Monroe": {
            "mascot": "Warhawks",
            "abbreviation": "ULM",
            "ceiling": 3,
            "floor": 1,
            "colorPrimary": "#840029",
            "colorSecondary": "#FDB913",
            "city": "Monroe",
            "state": "Louisiana",
            "stadium": "ULM Stadium"
        },
        "South Alabama": {
            "mascot": "Jaguars",
            "abbreviation": "USA",
            "ceiling": 4,
            "floor": 1,
            "colorPrimary": "#00205B",
            "colorSecondary": "#BF0D3E",
            "city": "Mobile",
            "state": "Alabama",
            "stadium": "USA Stadium"
        },
        "Southern Miss": {
            "mascot": "Golden Eagles",
            "abbreviation": "SMIS",
            "ceiling": 4,
            "floor": 1,
            "colorPrimary": "#000000",
            "colorSecondary": "#FFAB00",
            "city": "Hattiesburg",
            "state": "Mississippi",
            "stadium": "Southern Miss Stadium"
        },
        "Texas State": {
            "mascot": "Bobcats",
            "abbreviation": "TST",
            "ceiling": 4,
            "floor": 2,
            "colorPrimary": "#501214",
            "colorSecondary": "#8D734A",
            "city": "San Marcos",
            "state": "Texas",
            "stadium": "Texas State Stadium"
        },
        "Troy": {
            "mascot": "Trojans",
            "abbreviation": "TROY",
            "ceiling": 4,
            "floor": 1,
            "colorPrimary": "#8A2432",
            "colorSecondary": "#B3B5B8",
            "city": "Troy",
            "state": "Alabama",
            "stadium": "Troy Stadium"
        },
        "Buffalo": {
            "mascot": "Bulls",
            "abbreviation": "BUFF",
            "ceiling": 3,
            "floor": 1,
            "colorPrimary": "#005BBB",
            "colorSecondary": "#FFFFFF",
            "city": "Buffalo",
            "state": "New York",
            "stadium": "Buffalo Stadium"
        },
        "Ohio": {
            "mascot": "Bobcats",
            "abbreviation": "OHIO",
            "ceiling": 4,
            "floor": 1,
            "colorPrimary": "#00694E",
            "colorSecondary": "#CDA077",
            "city": "Athens",
            "state": "Ohio",
            "stadium": "Ohio Stadium"
        },
        "Bowling Green": {
            "mascot": "Falcons",
            "abbreviation": "BGSU",
            "ceiling": 3,
            "floor": 1,
            "colorPrimary": "#FE5000",
            "colorSecondary": "#4F2C1D",
            "city": "Bowling Green",
            "state": "Ohio",
            "stadium": "Bowling Green Stadium"
        },
        "Kent State": {
            "mascot": "Golden Flashes",
            "abbreviation": "KENT",
            "ceiling": 3,
            "floor": 1,
            "colorPrimary": "#002664",
            "colorSecondary": "#EAAB00",
            "city": "Kent",
            "state": "Ohio",
            "stadium": "Kent Stadium"
        },
        "Miami Ohio": {
            "mascot": "RedHawks",
            "abbreviation": "MIOH",
            "ceiling": 4,
            "floor": 1,
            "colorPrimary": "#B61E2E",
            "colorSecondary": "#000000",
            "city": "Oxford",
            "state": "Ohio",
            "stadium": "Miami Stadium"
        },
        "Akron": {
            "mascot": "Zips",
            "abbreviation": "AKR",
            "ceiling": 3,
            "floor": 1,
            "colorPrimary": "#041E42",
            "colorSecondary": "#A89968",
            "city": "Akron",
            "state": "Ohio",
            "stadium": "Akron Stadium"
        },
        "Toledo": {
            "mascot": "Rockets",
            "abbreviation": "TOL",
            "ceiling": 4,
            "floor": 2,
            "colorPrimary": "#15397F",
            "colorSecondary": "#FFDA00",
            "city": "Toledo",
            "state": "Ohio",
            "stadium": "Toledo Stadium"
        },
        "Ball State": {
            "mascot": "Cardinals",
            "abbreviation": "BALL",
            "ceiling": 3,
            "floor": 1,
            "colorPrimary": "#BA0C2F",
            "colorSecondary": "#000000",
            "city": "Muncie",
            "state": "Indiana",
            "stadium": "Ball State Stadium"
        },
        "Western Michigan": {
            "mascot": "Broncos",
            "abbreviation": "WMU",
            "ceiling": 3,
            "floor": 1,
            "colorPrimary": "#6C4023",
            "colorSecondary": "#B5A167",
            "city": "Kalamazoo",
            "state": "Michigan",
            "stadium": "Western Michigan Stadium"
        },
        "Eastern Michigan": {
            "mascot": "Eagles",
            "abbreviation": "EMU",
            "ceiling": 3,
            "floor": 1,
            "colorPrimary": "#006633",
            "colorSecondary": "#FFFFFF",
            "city": "Ypsilanti",
            "state": "Michigan",
            "stadium": "Eastern Michigan Stadium"
        },
        "Central Michigan": {
            "mascot": "Chippewas",
            "abbreviation": "CMU",
            "ceiling": 3,
            "floor": 1,
            "colorPrimary": "#6A0032",
            "colorSecondary": "#FFC82E",
            "city": "Mount Pleasant",
            "state": "Michigan",
            "stadium": "Central Michigan Stadium"
        },
        "Northern Illinois": {
            "mascot": "Huskies",
            "abbreviation": "NIU",
            "ceiling": 4,
            "floor": 2,
            "colorPrimary": "#BA0C2F",
            "colorSecondary": "#8A8D8F",
            "city": "DeKalb",
            "state": "Illinois",
            "stadium": "Northern Illinois Stadium"
        },
        "Western Kentucky": {
            "mascot": "Hilltoppers",
            "abbreviation": "WKU",
            "ceiling": 4,
            "floor": 1,
            "colorPrimary": "#C60C30",
            "colorSecondary": "#1E1E1E",
            "city": "Bowling Green",
            "state": "Kentucky",
            "stadium": "Western Kentucky Stadium"
        },
        "Kennesaw State": {
            "mascot": "Owls",
            "abbreviation": "KENN",
            "ceiling": 3,
            "floor": 1,
            "colorPrimary": "#FDBB30",
            "colorSecondary": "#0B1315",
            "city": "Kennesaw",
            "state": "Georgia",
            "stadium": "Kennesaw State Stadium"
        },
        "Florida International": {
            "mascot": "Golden Panthers",
            "abbreviation": "FIU",
            "ceiling": 3,
            "floor": 1,
            "colorPrimary": "#081E3F",
            "colorSecondary": "#B6862C",
            "city": "Miami",
            "state": "Florida",
            "stadium": "FIU Stadium"
        },
        "Middle Tennessee State": {
            "mascot": "Blue Raiders",
            "abbreviation": "MTSU",
            "ceiling": 3,
            "floor": 1,
            "colorPrimary": "#0066CC",
            "colorSecondary": "#000000",
            "city": "Murfreesboro",
            "state": "Tennessee",
            "stadium": "MTSU Stadium"
        },
        "Liberty": {
            "mascot": "Flames",
            "abbreviation": "LIB",
            "ceiling": 4,
            "floor": 2,
            "colorPrimary": "#002D62",
            "colorSecondary": "#C41230",
            "city": "Lynchburg",
            "state": "Virginia",
            "stadium": "Liberty Stadium"
        },
        "New Mexico State": {
            "mascot": "Aggies",
            "abbreviation": "NMSU",
            "ceiling": 3,
            "floor": 1,
            "colorPrimary": "#861F41",
            "colorSecondary": "#97999B",
            "city": "Las Cruces",
            "state": "New Mexico",
            "stadium": "NMSU Stadium"
        },
        "Texas El Paso": {
            "mascot": "Miners",
            "abbreviation": "UTEP",
            "ceiling": 3,
            "floor": 1,
            "colorPrimary": "#041E42",
            "colorSecondary": "#FF8200",
            "city": "El Paso",
            "state": "Texas",
            "stadium": "UTEP Stadium"
        },
        "Louisiana Tech": {
            "mascot": "Bulldogs",
            "abbreviation": "LT",
            "ceiling": 3,
            "floor": 1,
            "colorPrimary": "#002F8B",
            "colorSecondary": "#E31B23",
            "city": "Ruston",
            "state": "Louisiana",
            "stadium": "Louisiana Tech Stadium"
        },
        "Jacksonville State": {
            "mascot": "Gamecocks",
            "abbreviation": "JVST",
            "ceiling": 3,
            "floor": 1,
            "colorPrimary": "#CC0000",
            "colorSecondary": "#FFFFFF",
            "city": "Jacksonville",
            "state": "Alabama",
            "stadium": "Jacksonville State Stadium"
        },
        "Sam Houston State": {
            "mascot": "Bearkats",
            "abbreviation": "SHSU",
            "ceiling": 3,
            "floor": 1,
            "colorPrimary": "#FE5100",
            "colorSecondary": "#FFFFFF",
            "city": "Huntsville",
            "state": "Texas",
            "stadium": "Sam Houston State Stadium"
        },
        "Notre Dame": {
            "mascot": "Fighting Irish",
            "abbreviation": "ND",
            "ceiling": 7,
            "floor": 4,
            "colorPrimary": "#0C2340",
            "colorSecondary": "#AE9142",
            "city": "Notre Dame",
            "state": "Indiana",
            "stadium": "Notre Dame Stadium"
        },
        "Connecticut": {
            "mascot": "Huskies",
            "abbreviation": "CONN",
            "ceiling": 3,
            "floor": 1,
            "colorPrimary": "#000E2F",
            "colorSecondary": "#E4002B",
            "city": "Storrs",
            "state": "Connecticut",
            "stadium": "UConn Stadium"
        },
        "Massachusetts": {
            "mascot": "Minutemen",
            "abbreviation": "MASS",
            "ceiling": 3,
            "floor": 1,
            "colorPrimary": "#971B2F",
            "colorSecondary": "#B1B3B3",
            "city": "Amherst",
            "state": "Massachusetts",
            "stadium": "Minuteman Stadium"
        },
        "Idaho": {
            "mascot": "Vandals",
            "abbreviation": "IDA",
            "ceiling": 3,
            "floor": 1,
            "colorPrimary": "#B3A369",
            "colorSecondary": "#000000",
            "city": "Moscow",
            "state": "Idaho",
            "stadium": "Kibbie Dome"
        },
        "Missouri State": {
            "mascot": "Bears",
            "abbreviation": "MOST",
            "ceiling": 3,
            "floor": 1,
            "colorPrimary": "#5E0009",
            "colorSecondary": "#000000",
            "city": "Springfield",
            "state": "Missouri",
            "stadium": "Missouri State Stadium"
        },
        "Delaware": {
            "mascot": "Blue Hens",
            "abbreviation": "DEL",
            "ceiling": 3,
            "floor": 1,
            "colorPrimary": "#00539F",
            "colorSecondary": "#FFDD31",
            "city": "Newark",
            "state": "Delaware",
            "stadium": "Delaware Stadium"
        }
    }
} 